Res_ID,From_Day,From_Month,From_Year,To_Day,To_Month,To_Year,Car_ID,Employee_ID,Branch_ID,Customer_ID,
0,14,7,2022,11,1,2022,292,152,5,7,
1,2,4,2020,1,7,2019,230,8,0,7,
2,3,6,2018,11,7,2020,280,157,5,7,
3,4,6,2022,21,8,2020,238,90,3,4,
4,10,1,2018,19,2,2021,138,35,1,9,
5,18,11,2018,9,7,2021,267,77,2,1,
6,17,1,2019,11,6,2018,166,145,5,8,
7,4,1,2018,23,10,2019,26,39,1,3,
8,14,8,2018,8,3,2018,135,91,3,8,
9,29,11,2018,11,6,2021,184,198,7,5,
10,11,12,2022,6,3,2022,163,103,3,7,
11,23,2,2021,10,10,2019,248,63,2,3,
12,21,1,2019,2,12,2021,106,134,4,5,
13,9,12,2019,13,9,2018,289,196,7,6,
14,25,10,2022,4,3,2020,101,64,2,6,
15,9,1,2021,21,5,2019,290,183,6,9,
16,1,12,2019,11,11,2021,264,29,1,5,
17,20,10,2020,3,5,2021,151,88,3,6,
18,5,7,2018,9,8,2018,124,222,8,8,
19,29,4,2021,21,3,2018,0,12,0,9,
20,8,3,2021,19,2,2018,288,33,1,8,
21,14,12,2018,9,2,2021,230,83,3,2,
22,12,8,2019,3,8,2020,186,240,8,7,
23,29,2,2019,8,1,2019,84,35,1,8,
24,28,10,2018,15,1,2020,238,132,4,7,
25,15,8,2020,6,6,2022,253,192,7,7,
26,17,7,2021,19,2,2019,124,208,7,6,
27,3,11,2022,29,1,2020,23,226,8,6,
28,19,10,2020,8,12,2020,117,247,9,3,
29,2,3,2018,17,7,2022,243,78,2,7,
30,1,1,2018,20,8,2018,160,208,7,9,
31,8,3,2020,24,8,2018,229,121,4,3,
32,7,10,2020,25,8,2021,184,266,9,9,
33,13,1,2019,18,4,2018,162,185,6,9,
34,13,1,2022,26,10,2021,139,133,4,8,
35,27,2,2022,16,11,2018,37,251,9,2,
36,29,2,2020,7,8,2020,243,62,2,7,
37,8,5,2020,28,6,2019,197,160,5,7,
38,11,10,2018,11,4,2021,204,292,10,5,
39,15,7,2020,11,9,2022,82,220,8,4,
40,25,6,2018,6,2,2021,199,235,8,7,
41,26,4,2018,23,10,2020,13,5,0,1,
42,28,2,2018,29,10,2019,195,91,3,7,
43,1,3,2022,21,6,2018,70,160,5,7,
44,25,6,2022,21,10,2018,213,256,9,2,
45,1,7,2020,8,7,2021,172,238,8,1,
46,24,3,2018,7,6,2018,198,142,5,5,
47,24,1,2020,27,6,2021,99,259,9,7,
48,11,2,2022,12,1,2019,222,165,6,1,
49,27,5,2019,11,12,2021,251,184,6,4,
50,24,7,2022,27,10,2022,122,165,6,5,
51,25,10,2019,27,2,2018,214,235,8,9,
52,4,8,2020,5,8,2019,36,140,5,2,
53,11,2,2020,26,7,2018,211,136,5,5,
54,11,8,2018,8,12,2020,80,211,7,4,
55,8,10,2019,28,5,2019,260,160,5,3,
56,13,8,2019,29,8,2020,227,136,5,1,
57,28,3,2021,6,3,2021,118,197,7,8,
58,19,5,2021,15,10,2018,2,239,8,1,
59,11,6,2021,17,11,2018,42,249,9,6,
60,20,6,2022,11,8,2021,83,99,3,3,
61,18,11,2020,10,3,2021,32,77,2,1,
62,18,3,2020,21,11,2018,299,115,4,5,
63,22,9,2018,21,3,2019,283,162,6,3,
64,18,11,2021,3,10,2022,191,163,6,2,
65,4,4,2019,18,11,2022,184,70,2,9,
66,12,12,2019,13,3,2020,203,34,1,9,
67,23,12,2021,27,10,2020,82,194,7,1,
68,3,3,2022,20,10,2018,281,190,7,9,
69,3,1,2018,14,10,2019,129,8,0,7,
70,15,7,2022,9,10,2019,204,40,1,8,
71,27,9,2021,8,6,2020,245,199,7,5,
72,6,11,2022,16,3,2019,61,291,10,5,
73,8,3,2019,21,8,2022,254,25,0,7,
74,3,4,2022,5,10,2022,162,64,2,4,
75,25,2,2022,5,7,2018,28,246,9,3,
76,3,2,2018,20,2,2018,261,79,2,7,
77,21,9,2020,2,6,2021,85,258,9,6,
78,2,3,2019,27,12,2020,235,258,9,7,
79,22,8,2020,19,4,2018,16,17,0,5,
80,28,9,2022,19,5,2018,220,247,9,1,
81,10,4,2022,2,11,2019,2,155,5,1,
82,14,2,2021,24,11,2021,213,7,0,4,
83,10,9,2018,18,10,2021,39,170,6,3,
84,10,10,2021,6,4,2019,135,7,0,1,
85,8,8,2019,19,8,2022,124,127,4,4,
86,29,11,2021,14,5,2022,69,131,4,2,
87,26,7,2021,15,3,2022,91,218,8,1,
88,17,8,2019,1,8,2022,157,152,5,9,
89,5,4,2022,10,8,2022,256,116,4,9,
90,20,2,2021,1,10,2022,151,166,6,3,
91,23,4,2021,22,5,2019,103,117,4,3,
92,2,4,2022,7,4,2020,194,96,3,3,
93,7,12,2019,28,7,2020,7,131,4,1,
94,19,10,2020,11,3,2019,151,80,2,6,
95,1,1,2018,21,12,2022,67,5,0,4,
96,17,5,2020,21,11,2018,108,245,9,1,
97,26,11,2019,28,5,2022,40,188,6,1,
98,24,8,2019,7,6,2020,159,69,2,9,
99,17,3,2020,5,8,2022,12,153,5,2,
100,1,9,2022,4,1,2020,24,39,1,3,
101,26,12,2021,23,7,2019,166,269,9,6,
102,2,5,2022,14,1,2021,99,215,7,1,
103,23,4,2022,10,7,2020,86,64,2,7,
104,20,12,2019,12,4,2019,38,231,8,2,
105,16,12,2022,25,6,2020,182,230,8,1,
106,21,10,2021,18,10,2020,258,53,1,4,
107,10,11,2020,26,4,2021,89,235,8,5,
108,28,7,2022,1,9,2020,269,91,3,3,
109,11,7,2019,1,2,2019,174,180,6,3,
110,13,9,2020,2,1,2021,6,105,3,3,
111,22,7,2020,3,4,2019,41,289,10,7,
112,1,2,2018,6,6,2021,241,196,7,3,
113,17,10,2022,8,12,2018,286,289,10,4,
114,7,12,2022,17,6,2021,57,97,3,6,
115,10,2,2020,26,4,2019,113,206,7,3,
116,9,2,2019,14,8,2021,134,263,9,2,
117,27,1,2018,5,8,2022,61,59,2,4,
118,1,1,2018,9,7,2020,279,57,2,1,
119,11,1,2020,28,7,2020,192,222,8,3,
120,26,1,2019,23,1,2018,239,170,6,3,
121,16,8,2019,29,12,2021,276,161,5,4,
122,23,8,2019,22,3,2021,223,143,5,4,
123,7,6,2022,5,4,2018,217,57,2,2,
124,14,2,2019,1,4,2021,271,224,8,3,
125,8,3,2018,1,3,2018,32,186,6,3,
126,6,6,2019,9,7,2019,288,216,8,8,
127,6,4,2022,18,3,2020,97,252,9,9,
128,19,4,2021,3,10,2021,280,185,6,8,
129,8,5,2022,27,3,2022,94,102,3,7,
130,6,1,2018,13,11,2019,135,215,7,6,
131,15,5,2018,2,12,2019,65,23,0,3,
132,10,8,2022,21,11,2019,88,156,5,9,
133,6,11,2019,29,6,2018,163,119,4,8,
134,11,7,2019,24,11,2021,284,38,1,5,
135,19,8,2022,7,10,2021,223,178,6,9,
136,19,1,2021,28,12,2022,239,33,1,6,
137,3,9,2022,26,12,2019,168,100,3,6,
138,26,8,2018,8,11,2022,46,118,4,7,
139,10,3,2021,2,8,2018,244,87,3,2,
140,6,6,2020,18,2,2020,120,240,8,5,
141,20,11,2018,9,12,2021,207,285,10,9,
142,23,12,2018,16,11,2022,283,95,3,4,
143,9,4,2020,25,11,2019,170,54,2,2,
144,22,1,2018,23,11,2019,204,196,7,6,
145,5,6,2019,21,5,2018,159,228,8,2,
146,5,1,2022,21,4,2020,78,255,9,7,
147,3,7,2020,26,2,2022,199,253,9,6,
148,23,10,2020,10,8,2021,173,260,9,3,
149,16,11,2021,10,5,2021,153,140,5,5,
150,17,5,2020,6,2,2022,184,296,10,5,
151,20,12,2021,9,5,2020,108,59,2,3,
152,28,12,2019,15,2,2018,201,298,11,8,
153,28,1,2022,18,1,2021,53,234,8,5,
154,23,5,2022,8,8,2022,176,189,7,7,
155,7,5,2018,12,5,2018,0,164,6,3,
156,1,7,2019,2,4,2021,29,210,7,8,
157,12,2,2019,1,11,2022,157,54,2,5,
158,20,10,2019,26,9,2020,248,86,3,7,
159,16,8,2020,5,8,2020,174,88,3,4,
160,15,12,2020,7,5,2021,173,193,7,1,
161,13,7,2021,11,2,2021,167,93,3,4,
162,18,9,2019,22,12,2020,190,251,9,9,
163,1,5,2019,4,7,2018,195,144,5,7,
164,11,12,2020,3,12,2022,24,212,7,9,
165,25,7,2021,20,5,2022,46,250,9,2,
166,10,10,2019,1,10,2021,55,84,3,7,
167,10,3,2022,25,5,2018,137,85,3,9,
168,23,10,2020,13,4,2020,17,68,2,3,
169,2,11,2022,3,2,2022,77,12,0,9,
170,5,9,2019,28,5,2020,212,205,7,7,
171,24,12,2020,21,12,2018,11,183,6,1,
172,4,1,2020,26,12,2019,84,240,8,4,
173,28,1,2020,28,8,2020,2,33,1,2,
174,6,3,2020,14,3,2020,55,12,0,3,
175,14,5,2019,27,10,2020,173,246,9,2,
176,19,5,2022,24,10,2022,109,216,8,8,
177,22,10,2022,17,9,2021,9,77,2,4,
178,2,6,2019,27,12,2021,196,24,0,7,
179,25,10,2019,19,8,2018,272,239,8,9,
180,17,11,2021,9,7,2020,205,282,10,9,
181,5,3,2022,13,5,2020,269,74,2,4,
182,19,12,2022,10,1,2021,191,236,8,4,
183,10,3,2019,22,4,2020,130,78,2,4,
184,5,12,2020,23,3,2022,51,10,0,6,
185,25,9,2022,22,10,2020,161,51,1,8,
186,11,5,2020,28,10,2022,151,131,4,1,
187,6,10,2018,8,4,2020,187,281,10,7,
188,13,11,2018,27,10,2022,93,204,7,8,
189,17,10,2021,18,12,2020,181,75,2,1,
190,29,11,2022,13,8,2019,178,133,4,7,
191,26,9,2019,11,2,2018,99,147,5,6,
192,15,9,2020,19,10,2021,155,170,6,8,
193,5,12,2019,27,7,2019,176,177,6,2,
194,6,2,2021,15,4,2020,29,204,7,6,
195,14,11,2019,12,9,2018,197,124,4,5,
196,14,7,2022,24,6,2021,236,44,1,9,
197,1,2,2018,12,6,2019,83,3,0,6,
198,14,1,2021,26,3,2019,181,138,5,6,
199,19,4,2021,14,4,2021,101,162,6,6,
200,29,10,2021,6,3,2021,125,221,8,8,
201,11,9,2022,10,9,2020,168,90,3,9,
202,20,11,2021,21,3,2021,202,251,9,3,
203,11,4,2021,16,5,2018,292,264,9,3,
204,3,7,2019,10,4,2018,207,227,8,3,
205,16,4,2018,22,8,2020,59,176,6,4,
206,24,11,2019,26,9,2020,257,56,2,7,
207,8,7,2018,2,9,2022,259,255,9,2,
208,29,8,2020,9,8,2020,133,114,4,6,
209,12,6,2020,27,3,2022,244,176,6,4,
210,14,2,2021,23,12,2022,147,113,4,6,
211,12,2,2022,19,5,2021,190,273,10,5,
212,23,3,2020,2,3,2021,253,210,7,3,
213,8,11,2020,27,10,2018,26,129,4,8,
214,2,9,2020,2,7,2021,57,181,6,6,
215,4,4,2021,23,7,2021,280,47,1,9,
216,2,12,2021,29,3,2018,285,30,1,5,
217,9,7,2022,21,8,2020,65,173,6,8,
218,29,12,2019,16,4,2019,89,283,10,7,
219,24,6,2022,7,10,2020,157,155,5,1,
220,2,5,2020,29,9,2022,4,290,10,2,
221,13,5,2019,18,6,2019,253,295,10,7,
222,20,8,2021,2,11,2022,157,238,8,8,
223,6,1,2022,20,2,2021,172,49,1,2,
224,2,7,2018,29,6,2019,15,81,3,9,
225,9,8,2019,25,11,2019,222,38,1,6,
226,11,4,2022,13,8,2021,32,7,0,2,
227,8,5,2019,1,8,2022,46,61,2,7,
228,25,7,2018,4,8,2022,258,97,3,7,
229,11,7,2022,21,1,2020,147,248,9,3,
230,17,11,2022,27,6,2019,11,13,0,6,
231,2,1,2021,21,7,2021,22,131,4,6,
232,1,11,2020,5,11,2018,279,4,0,4,
233,8,12,2019,13,7,2019,197,253,9,8,
234,11,8,2022,24,10,2018,35,28,1,2,
235,18,3,2018,11,2,2020,140,129,4,2,
236,24,12,2019,15,12,2021,93,4,0,6,
237,8,3,2018,21,9,2018,183,52,1,8,
238,19,10,2022,14,2,2020,247,162,6,4,
239,12,11,2019,17,10,2022,250,5,0,7,
240,14,8,2021,20,3,2020,147,105,3,4,
241,12,1,2021,8,10,2019,37,34,1,1,
242,7,3,2019,10,11,2021,119,77,2,1,
243,11,9,2018,16,9,2018,69,172,6,3,
244,18,2,2020,20,11,2019,262,20,0,8,
245,26,4,2022,24,3,2020,81,45,1,6,
246,11,2,2021,1,5,2022,215,202,7,7,
247,29,1,2018,28,2,2018,137,76,2,1,
248,21,5,2022,5,4,2019,33,147,5,1,
249,13,4,2020,10,1,2020,279,154,5,4,
250,9,7,2019,27,8,2021,242,17,0,9,
251,14,4,2021,19,2,2020,44,63,2,3,
252,5,5,2018,28,11,2019,220,0,0,4,
253,2,6,2018,20,7,2018,133,40,1,4,
254,9,1,2020,27,1,2018,81,177,6,1,
255,3,12,2022,8,3,2019,51,90,3,7,
256,24,10,2021,12,10,2022,79,70,2,5,
257,2,5,2021,28,8,2019,245,128,4,3,
258,7,6,2018,27,7,2022,101,268,9,8,
259,6,7,2018,4,6,2020,244,282,10,5,
260,15,1,2021,25,8,2021,162,144,5,3,
261,20,3,2019,8,12,2018,164,59,2,9,
262,11,2,2018,7,8,2019,91,56,2,5,
263,9,4,2021,2,10,2019,245,169,6,3,
264,13,1,2022,25,9,2018,220,8,0,4,
265,3,5,2022,3,6,2018,267,236,8,5,
266,19,7,2018,29,9,2021,117,64,2,8,
267,3,9,2019,11,9,2018,56,53,1,2,
268,7,10,2022,26,8,2018,157,8,0,4,
269,10,9,2022,25,6,2022,87,40,1,6,
270,14,8,2020,9,7,2020,196,12,0,2,
271,18,7,2020,28,2,2019,55,208,7,7,
272,18,10,2020,13,12,2018,182,54,2,1,
273,8,6,2019,15,11,2018,86,171,6,4,
274,20,10,2021,29,2,2021,161,123,4,6,
275,15,9,2019,4,4,2021,110,142,5,9,
276,6,6,2022,17,3,2022,23,37,1,1,
277,10,6,2018,14,12,2018,6,271,10,6,
278,23,11,2022,23,1,2022,150,248,9,9,
279,11,4,2021,21,4,2018,279,154,5,2,
280,23,9,2018,22,10,2018,268,162,6,6,
281,10,1,2020,14,1,2021,214,36,1,4,
282,23,3,2018,8,11,2020,206,6,0,8,
283,6,7,2021,9,12,2018,223,25,0,4,
284,4,9,2018,10,6,2018,182,48,1,5,
285,7,5,2020,28,9,2022,26,251,9,9,
286,7,1,2021,28,7,2019,70,243,9,7,
287,14,5,2020,2,11,2021,271,275,10,2,
288,9,2,2021,17,4,2020,180,285,10,3,
289,3,11,2019,11,7,2022,103,228,8,6,
290,11,1,2019,12,3,2018,277,212,7,8,
291,27,5,2019,3,1,2019,98,281,10,8,
292,7,2,2020,21,6,2021,28,53,1,6,
293,4,9,2022,24,1,2019,248,124,4,4,
294,6,7,2018,5,3,2020,266,108,4,9,
295,18,3,2019,20,10,2022,292,66,2,9,
296,27,5,2019,1,3,2018,173,78,2,4,
297,21,11,2021,3,11,2018,41,37,1,4,
298,13,2,2018,25,10,2020,256,86,3,1,
299,17,1,2021,16,6,2020,69,158,5,2,
